{"loss": 0.3231528401374817, "accuracy": 0.8863000273704529}