{"loss": 0.47259286046028137, "accuracy": 0.8325999975204468}