{"loss": 0.3261888325214386, "accuracy": 0.8780999779701233}