{"loss": 0.31779155135154724, "accuracy": 0.8840000033378601}