epoch,loss,accuracy
1,0.6699046492576599,0.7659000158309937
2,0.43838435411453247,0.8459166884422302
3,0.38150879740715027,0.8664833307266235
