epoch,loss,accuracy
1,0.587149441242218,0.8021000027656555
2,0.37719443440437317,0.868233323097229
3,0.3346928656101227,0.8827833533287048
