epoch,loss,accuracy
1,0.7753751277923584,0.7081166505813599
2,0.6376044154167175,0.7627166509628296
3,0.6198493242263794,0.7699999809265137
