epoch,loss,accuracy
1,0.5087104439735413,0.8162833452224731
2,0.3703506588935852,0.8653333187103271
3,0.33551403880119324,0.8750166893005371
