step	accuracy
0	0.8021000027656555
1	0.868233323097229
2	0.8827833533287048
