step	accuracy
0	0.7659000158309937
1	0.8459166884422302
2	0.8664833307266235
