step	accuracy
0	0.7081166505813599
1	0.7627166509628296
2	0.7699999809265137
