step	accuracy
0	0.8162833452224731
1	0.8653333187103271
2	0.8750166893005371
